Nama_Kabupaten_Kota,Garis_Kemiskinan,Indeks_Pembangunan_Manusia,Persen_Penduduk_Miskin,Tingkat Pengangguran Terbuka,Upah Minimum,Jumlah Penduduk (Ribu),Laju Pertumbuhan Penduduk per Tahun,Persentase Penduduk,Kepadatan Penduduk per km persegi (Km2),Rasio Jenis Kelamin Penduduk,Tahun,Kuartal,PDRB,Proksi Inflasi,Laju_Inflasi
Kabupaten Pacitan,327758,70.19,13.8,3.65,1961154.77,588.55,0.4,1.43,417.0,100.6,2022,1.0,2887.34,Kota Madiun,2.38
Kabupaten Pacitan,327758,70.19,13.8,3.65,1961154.77,588.55,0.4,1.43,417.0,100.6,2022,2.0,2889.88,Kota Madiun,4.76
Kabupaten Pacitan,327758,70.19,13.8,3.65,1961154.77,588.55,0.4,1.43,417.0,100.6,2022,3.0,3034.02,Kota Madiun,6.14
Kabupaten Pacitan,327758,70.19,13.8,3.65,1961154.77,588.55,0.4,1.43,417.0,100.6,2022,4.0,2911.2,Kota Madiun,5.8
Kabupaten Ponorogo,362461,72.59,9.32,5.51,1954281.32,957.65,0.66,2.33,704.0,99.6,2022,1.0,3615.62,Kota Madiun,2.38
Kabupaten Ponorogo,362461,72.59,9.32,5.51,1954281.32,957.65,0.66,2.33,704.0,99.6,2022,2.0,3746.59,Kota Madiun,4.76
Kabupaten Ponorogo,362461,72.59,9.32,5.51,1954281.32,957.65,0.66,2.33,704.0,99.6,2022,3.0,3990.37,Kota Madiun,6.14
Kabupaten Ponorogo,362461,72.59,9.32,5.51,1954281.32,957.65,0.66,2.33,704.0,99.6,2022,4.0,3741.12,Kota Madiun,5.8
Kabupaten Trenggalek,381448,71.28,10.96,5.37,1944932.74,738.05,0.59,1.79,617.0,100.8,2022,1.0,3196.18,Kota Kediri,2.33
Kabupaten Trenggalek,381448,71.28,10.96,5.37,1944932.74,738.05,0.59,1.79,617.0,100.8,2022,2.0,3340.32,Kota Kediri,4.03
Kabupaten Trenggalek,381448,71.28,10.96,5.37,1944932.74,738.05,0.59,1.79,617.0,100.8,2022,3.0,3507.08,Kota Kediri,6.29
Kabupaten Trenggalek,381448,71.28,10.96,5.37,1944932.74,738.05,0.59,1.79,617.0,100.8,2022,4.0,3501.82,Kota Kediri,5.76
Kabupaten Tulungagung,391888,74.14,6.71,6.65,2029358.67,1102.2,0.71,2.67,1003.5,100.1,2022,1.0,6902.2,Kota Kediri,2.33
Kabupaten Tulungagung,391888,74.14,6.71,6.65,2029358.67,1102.2,0.71,2.67,1003.5,100.1,2022,2.0,7348.07,Kota Kediri,4.03
Kabupaten Tulungagung,391888,74.14,6.71,6.65,2029358.67,1102.2,0.71,2.67,1003.5,100.1,2022,3.0,7517.45,Kota Kediri,6.29
Kabupaten Tulungagung,391888,74.14,6.71,6.65,2029358.67,1102.2,0.71,2.67,1003.5,100.1,2022,4.0,7051.19,Kota Kediri,5.76
Kabupaten Blitar,355511,72.25,8.71,5.45,2015071.18,1242.3,0.83,3.01,819.5,101.35,2022,1.0,6591.92,Kota Kediri,2.33
Kabupaten Blitar,355511,72.25,8.71,5.45,2015071.18,1242.3,0.83,3.01,819.5,101.35,2022,2.0,7025.3,Kota Kediri,4.03
Kabupaten Blitar,355511,72.25,8.71,5.45,2015071.18,1242.3,0.83,3.01,819.5,101.35,2022,3.0,6699.92,Kota Kediri,6.29
Kabupaten Blitar,355511,72.25,8.71,5.45,2015071.18,1242.3,0.83,3.01,819.5,101.35,2022,4.0,6720.19,Kota Kediri,5.76
Kabupaten Kediri,353033,74.2,10.65,6.83,2043422.93,1660.8,0.83,4.03,1143.5,101.95,2022,1.0,7228.16,Kota Kediri,2.33
Kabupaten Kediri,353033,74.2,10.65,6.83,2043422.93,1660.8,0.83,4.03,1143.5,101.95,2022,2.0,7633.04,Kota Kediri,4.03
Kabupaten Kediri,353033,74.2,10.65,6.83,2043422.93,1660.8,0.83,4.03,1143.5,101.95,2022,3.0,8117.89,Kota Kediri,6.29
Kabupaten Kediri,353033,74.2,10.65,6.83,2043422.93,1660.8,0.83,4.03,1143.5,101.95,2022,4.0,7821.61,Kota Kediri,5.76
Kabupaten Malang,367579,72.23,9.55,6.57,3068275.36,2691.95,0.76,6.54,769.0,101.4,2022,1.0,17416.29,Kota Malang,2.98
Kabupaten Malang,367579,72.23,9.55,6.57,3068275.36,2691.95,0.76,6.54,769.0,101.4,2022,2.0,17888.26,Kota Malang,5.3
Kabupaten Malang,367579,72.23,9.55,6.57,3068275.36,2691.95,0.76,6.54,769.0,101.4,2022,3.0,18421.05,Kota Malang,7.08
Kabupaten Malang,367579,72.23,9.55,6.57,3068275.36,2691.95,0.76,6.54,769.0,101.4,2022,4.0,18410.87,Kota Malang,6.45
Kabupaten Lumajang,352776,68.48,9.06,4.97,2000607.2,1133.1,0.79,2.75,631.5,97.8,2022,1.0,5589.13,Kabupaten Jember,2.87
Kabupaten Lumajang,352776,68.48,9.06,4.97,2000607.2,1133.1,0.79,2.75,631.5,97.8,2022,2.0,6075.55,Kabupaten Jember,5.53
Kabupaten Lumajang,352776,68.48,9.06,4.97,2000607.2,1133.1,0.79,2.75,631.5,97.8,2022,3.0,6114.61,Kabupaten Jember,7.3
Kabupaten Lumajang,352776,68.48,9.06,4.97,2000607.2,1133.1,0.79,2.75,631.5,97.8,2022,4.0,5847.29,Kabupaten Jember,7.39
Kabupaten Jember,400961,69.8,9.39,4.06,2355662.91,2568.6,0.71,6.24,803.0,99.35,2022,1.0,13360.61,Kabupaten Jember,2.87
Kabupaten Jember,400961,69.8,9.39,4.06,2355662.91,2568.6,0.71,6.24,803.0,99.35,2022,2.0,14516.92,Kabupaten Jember,5.53
Kabupaten Jember,400961,69.8,9.39,4.06,2355662.91,2568.6,0.71,6.24,803.0,99.35,2022,3.0,15288.05,Kabupaten Jember,7.3
Kabupaten Jember,400961,69.8,9.39,4.06,2355662.91,2568.6,0.71,6.24,803.0,99.35,2022,4.0,14001.56,Kabupaten Jember,7.39
Kabupaten Banyuwangi,414879,73.15,7.51,5.26,2328899.12,1731.2,0.79,4.2,391.0,100.15,2022,1.0,13487.81,Kabupaten Banyuwangi,2.19
Kabupaten Banyuwangi,414879,73.15,7.51,5.26,2328899.12,1731.2,0.79,4.2,391.0,100.15,2022,2.0,14542.09,Kabupaten Banyuwangi,4.42
Kabupaten Banyuwangi,414879,73.15,7.51,5.26,2328899.12,1731.2,0.79,4.2,391.0,100.15,2022,3.0,14617.92,Kabupaten Banyuwangi,5.46
Kabupaten Banyuwangi,414879,73.15,7.51,5.26,2328899.12,1731.2,0.79,4.2,391.0,100.15,2022,4.0,15284.73,Kabupaten Banyuwangi,6.06
Kabupaten Bondowoso,449760,69.91,13.47,4.32,1958640.12,783.35,0.48,1.9,508.5,97.1,2022,1.0,3407.69,Kabupaten Jember,2.87
Kabupaten Bondowoso,449760,69.91,13.47,4.32,1958640.12,783.35,0.48,1.9,508.5,97.1,2022,2.0,3819.63,Kabupaten Jember,5.53
Kabupaten Bondowoso,449760,69.91,13.47,4.32,1958640.12,783.35,0.48,1.9,508.5,97.1,2022,3.0,3639.68,Kabupaten Jember,7.3
Kabupaten Bondowoso,449760,69.91,13.47,4.32,1958640.12,783.35,0.48,1.9,508.5,97.1,2022,4.0,3543.2,Kabupaten Jember,7.39
Kabupaten Situbondo,356133,69.76,11.78,3.38,1942750.77,692.65,0.52,1.68,416.5,96.5,2022,1.0,3435.53,Kabupaten Jember,2.87
Kabupaten Situbondo,356133,69.76,11.78,3.38,1942750.77,692.65,0.52,1.68,416.5,96.5,2022,2.0,3641.77,Kabupaten Jember,5.53
Kabupaten Situbondo,356133,69.76,11.78,3.38,1942750.77,692.65,0.52,1.68,416.5,96.5,2022,3.0,3739.83,Kabupaten Jember,7.3
Kabupaten Situbondo,356133,69.76,11.78,3.38,1942750.77,692.65,0.52,1.68,416.5,96.5,2022,4.0,3500.87,Kabupaten Jember,7.39
Kabupaten Probolinggo,475713,69.56,17.12,3.25,2553265.95,1166.4,0.58,2.83,681.5,97.45,2022,1.0,5786.35,Kota Malang,2.98
Kabupaten Probolinggo,475713,69.56,17.12,3.25,2553265.95,1166.4,0.58,2.83,681.5,97.45,2022,2.0,6605.33,Kota Malang,5.3
Kabupaten Probolinggo,475713,69.56,17.12,3.25,2553265.95,1166.4,0.58,2.83,681.5,97.45,2022,3.0,6310.01,Kota Malang,7.08
Kabupaten Probolinggo,475713,69.56,17.12,3.25,2553265.95,1166.4,0.58,2.83,681.5,97.45,2022,4.0,6032.5,Kota Malang,6.45
Kabupaten Pasuruan,394016,71.29,8.96,5.91,4365133.19,1628.15,0.67,3.95,1097.0,100.1,2022,1.0,27379.32,Kota Malang,2.98
Kabupaten Pasuruan,394016,71.29,8.96,5.91,4365133.19,1628.15,0.67,3.95,1097.0,100.1,2022,2.0,28086.03,Kota Malang,5.3
Kabupaten Pasuruan,394016,71.29,8.96,5.91,4365133.19,1628.15,0.67,3.95,1097.0,100.1,2022,3.0,28694.84,Kota Malang,7.08
Kabupaten Pasuruan,394016,71.29,8.96,5.91,4365133.19,1628.15,0.67,3.95,1097.0,100.1,2022,4.0,29191.89,Kota Malang,6.45
Kabupaten Sidoarjo,523213,81.37,5.36,8.8,4368581.85,2120.3,0.86,5.14,3133.0,101.25,2022,1.0,36647.92,Kota Surabaya,3.16
Kabupaten Sidoarjo,523213,81.37,5.36,8.8,4368581.85,2120.3,0.86,5.14,3133.0,101.25,2022,2.0,37244.38,Kota Surabaya,4.89
Kabupaten Sidoarjo,523213,81.37,5.36,8.8,4368581.85,2120.3,0.86,5.14,3133.0,101.25,2022,3.0,38569.8,Kota Surabaya,6.91
Kabupaten Sidoarjo,523213,81.37,5.36,8.8,4368581.85,2120.3,0.86,5.14,3133.0,101.25,2022,4.0,39151.79,Kota Surabaya,6.59
Kabupaten Mojokerto,445608,75.61,9.71,4.83,4354787.17,1135.5,0.8,2.75,1365.5,101.15,2022,1.0,15302.96,Kota Surabaya,3.16
Kabupaten Mojokerto,445608,75.61,9.71,4.83,4354787.17,1135.5,0.8,2.75,1365.5,101.15,2022,2.0,15950.83,Kota Surabaya,4.89
Kabupaten Mojokerto,445608,75.61,9.71,4.83,4354787.17,1135.5,0.8,2.75,1365.5,101.15,2022,3.0,16608.41,Kota Surabaya,6.91
Kabupaten Mojokerto,445608,75.61,9.71,4.83,4354787.17,1135.5,0.8,2.75,1365.5,101.15,2022,4.0,15837.63,Kota Surabaya,6.59
Kabupaten Jombang,448830,74.66,9.04,5.47,2654095.88,1338.6,0.85,3.25,1203.5,101.65,2022,1.0,7267.7,Kota Surabaya,3.16
Kabupaten Jombang,448830,74.66,9.04,5.47,2654095.88,1338.6,0.85,3.25,1203.5,101.65,2022,2.0,7479.8,Kota Surabaya,4.89
Kabupaten Jombang,448830,74.66,9.04,5.47,2654095.88,1338.6,0.85,3.25,1203.5,101.65,2022,3.0,7973.62,Kota Surabaya,6.91
Kabupaten Jombang,448830,74.66,9.04,5.47,2654095.88,1338.6,0.85,3.25,1203.5,101.65,2022,4.0,7365.05,Kota Surabaya,6.59
Kabupaten Nganjuk,474429,73.95,10.7,4.74,1970006.41,1117.2,0.69,2.71,889.0,101.15,2022,1.0,4865.39,Kota Kediri,2.33
Kabupaten Nganjuk,474429,73.95,10.7,4.74,1970006.41,1117.2,0.69,2.71,889.0,101.15,2022,2.0,4898.04,Kota Kediri,4.03
Kabupaten Nganjuk,474429,73.95,10.7,4.74,1970006.41,1117.2,0.69,2.71,889.0,101.15,2022,3.0,5044.96,Kota Kediri,6.29
Kabupaten Nganjuk,474429,73.95,10.7,4.74,1970006.41,1117.2,0.69,2.71,889.0,101.15,2022,4.0,4734.79,Kota Kediri,5.76
Kabupaten Madiun,405127,73.51,10.79,5.84,1958410.31,752.3,0.77,1.83,700.5,98.1,2022,1.0,3323.97,Kota Madiun,2.38
Kabupaten Madiun,405127,73.51,10.79,5.84,1958410.31,752.3,0.77,1.83,700.5,98.1,2022,2.0,3352.15,Kota Madiun,4.76
Kabupaten Madiun,405127,73.51,10.79,5.84,1958410.31,752.3,0.77,1.83,700.5,98.1,2022,3.0,3871.27,Kota Madiun,6.14
Kabupaten Madiun,405127,73.51,10.79,5.84,1958410.31,752.3,0.77,1.83,700.5,98.1,2022,4.0,3622.24,Kota Madiun,5.8
Kabupaten Magetan,396696,75.76,9.84,4.33,1957329.43,677.9,0.62,1.65,972.0,96.8,2022,1.0,3415.37,Kota Madiun,2.38
Kabupaten Magetan,396696,75.76,9.84,4.33,1957329.43,677.9,0.62,1.65,972.0,96.8,2022,2.0,3419.49,Kota Madiun,4.76
Kabupaten Magetan,396696,75.76,9.84,4.33,1957329.43,677.9,0.62,1.65,972.0,96.8,2022,3.0,3627.47,Kota Madiun,6.14
Kabupaten Magetan,396696,75.76,9.84,4.33,1957329.43,677.9,0.62,1.65,972.0,96.8,2022,4.0,3476.81,Kota Madiun,5.8
Kabupaten Ngawi,382301,72.62,14.15,2.48,1962585.99,877.0,0.47,2.13,652.5,98.45,2022,1.0,3480.4,Kota Madiun,2.38
Kabupaten Ngawi,382301,72.62,14.15,2.48,1962585.99,877.0,0.47,2.13,652.5,98.45,2022,2.0,3285.44,Kota Madiun,4.76
Kabupaten Ngawi,382301,72.62,14.15,2.48,1962585.99,877.0,0.47,2.13,652.5,98.45,2022,3.0,3713.94,Kota Madiun,6.14
Kabupaten Ngawi,382301,72.62,14.15,2.48,1962585.99,877.0,0.47,2.13,652.5,98.45,2022,4.0,3784.66,Kota Madiun,5.8
Kabupaten Bojonegoro,403403,71.15,12.21,4.69,2079568.07,1313.6,0.55,3.19,583.0,100.75,2022,1.0,15712.1,Kota Surabaya,3.16
Kabupaten Bojonegoro,403403,71.15,12.21,4.69,2079568.07,1313.6,0.55,3.19,583.0,100.75,2022,2.0,15316.65,Kota Surabaya,4.89
Kabupaten Bojonegoro,403403,71.15,12.21,4.69,2079568.07,1313.6,0.55,3.19,583.0,100.75,2022,3.0,15122.55,Kota Surabaya,6.91
Kabupaten Bojonegoro,403403,71.15,12.21,4.69,2079568.07,1313.6,0.55,3.19,583.0,100.75,2022,4.0,15631.56,Kota Surabaya,6.59
Kabupaten Tuban,421287,70.79,15.02,4.54,2539224.88,1210.85,0.59,2.94,636.5,99.7,2022,1.0,11902.15,Kota Surabaya,3.16
Kabupaten Tuban,421287,70.79,15.02,4.54,2539224.88,1210.85,0.59,2.94,636.5,99.7,2022,2.0,11598.67,Kota Surabaya,4.89
Kabupaten Tuban,421287,70.79,15.02,4.54,2539224.88,1210.85,0.59,2.94,636.5,99.7,2022,3.0,12074.94,Kota Surabaya,6.91
Kabupaten Tuban,421287,70.79,15.02,4.54,2539224.88,1210.85,0.59,2.94,636.5,99.7,2022,4.0,12314.51,Kota Surabaya,6.59
Kabupaten Lamongan,446601,74.83,12.53,6.05,2488724.77,1362.75,0.93,3.31,771.0,100.1,2022,1.0,7461.61,Kota Surabaya,3.16
Kabupaten Lamongan,446601,74.83,12.53,6.05,2488724.77,1362.75,0.93,3.31,771.0,100.1,2022,2.0,7530.26,Kota Surabaya,4.89
Kabupaten Lamongan,446601,74.83,12.53,6.05,2488724.77,1362.75,0.93,3.31,771.0,100.1,2022,3.0,7572.81,Kota Surabaya,6.91
Kabupaten Lamongan,446601,74.83,12.53,6.05,2488724.77,1362.75,0.93,3.31,771.0,100.1,2022,4.0,6882.77,Kota Surabaya,6.59
Kabupaten Gresik,536544,77.62,11.06,7.84,4372030.51,1335.5,1.02,3.24,1092.0,101.4,2022,1.0,26825.51,Kota Surabaya,3.16
Kabupaten Gresik,536544,77.62,11.06,7.84,4372030.51,1335.5,1.02,3.24,1092.0,101.4,2022,2.0,27189.86,Kota Surabaya,4.89
Kabupaten Gresik,536544,77.62,11.06,7.84,4372030.51,1335.5,1.02,3.24,1092.0,101.4,2022,3.0,27480.14,Kota Surabaya,6.91
Kabupaten Gresik,536544,77.62,11.06,7.84,4372030.51,1335.5,1.02,3.24,1092.0,101.4,2022,4.0,27301.37,Kota Surabaya,6.59
Kabupaten Bangkalan,458754,66.11,19.44,8.05,1956773.48,1081.75,1.25,2.62,954.5,97.4,2022,1.0,4144.62,Kota Surabaya,3.16
Kabupaten Bangkalan,458754,66.11,19.44,8.05,1956773.48,1081.75,1.25,2.62,954.5,97.4,2022,2.0,4184.8,Kota Surabaya,4.89
Kabupaten Bangkalan,458754,66.11,19.44,8.05,1956773.48,1081.75,1.25,2.62,954.5,97.4,2022,3.0,4481.15,Kota Surabaya,6.91
Kabupaten Bangkalan,458754,66.11,19.44,8.05,1956773.48,1081.75,1.25,2.62,954.5,97.4,2022,4.0,4149.34,Kota Surabaya,6.59
Kabupaten Sampang,411661,65.44,21.61,3.11,1922122.97,990.25,1.08,2.41,805.0,98.8,2022,1.0,3649.21,Kabupaten Sumenep,3.57
Kabupaten Sampang,411661,65.44,21.61,3.11,1922122.97,990.25,1.08,2.41,805.0,98.8,2022,2.0,3613.86,Kabupaten Sumenep,5.79
Kabupaten Sampang,411661,65.44,21.61,3.11,1922122.97,990.25,1.08,2.41,805.0,98.8,2022,3.0,3810.05,Kabupaten Sumenep,6.54
Kabupaten Sampang,411661,65.44,21.61,3.11,1922122.97,990.25,1.08,2.41,805.0,98.8,2022,4.0,3235.16,Kabupaten Sumenep,6.32
Kabupaten Pamekasan,392345,69.35,13.93,1.4,1939686.39,864.65,0.82,2.1,1089.0,96.45,2022,1.0,3102.25,Kabupaten Sumenep,3.57
Kabupaten Pamekasan,392345,69.35,13.93,1.4,1939686.39,864.65,0.82,2.1,1089.0,96.45,2022,2.0,3047.84,Kabupaten Sumenep,5.79
Kabupaten Pamekasan,392345,69.35,13.93,1.4,1939686.39,864.65,0.82,2.1,1089.0,96.45,2022,3.0,2949.99,Kabupaten Sumenep,6.54
Kabupaten Pamekasan,392345,69.35,13.93,1.4,1939686.39,864.65,0.82,2.1,1089.0,96.45,2022,4.0,2931.48,Kabupaten Sumenep,6.32
Kabupaten Sumenep,427882,68.49,18.76,1.36,1978927.22,1138.2,0.68,2.76,557.5,93.65,2022,1.0,6123.27,Kabupaten Sumenep,3.57
Kabupaten Sumenep,427882,68.49,18.76,1.36,1978927.22,1138.2,0.68,2.76,557.5,93.65,2022,2.0,6406.29,Kabupaten Sumenep,5.79
Kabupaten Sumenep,427882,68.49,18.76,1.36,1978927.22,1138.2,0.68,2.76,557.5,93.65,2022,3.0,6402.85,Kabupaten Sumenep,6.54
Kabupaten Sumenep,427882,68.49,18.76,1.36,1978927.22,1138.2,0.68,2.76,557.5,93.65,2022,4.0,5980.21,Kabupaten Sumenep,6.32
Kota Kediri,537326,80.12,7.23,4.38,2118116.63,291.6,1.74,0.7,4466.5,100.4,2022,1.0,22737.65,Kota Kediri,2.33
Kota Kediri,537326,80.12,7.23,4.38,2118116.63,291.6,1.74,0.7,4466.5,100.4,2022,2.0,22218.58,Kota Kediri,4.03
Kota Kediri,537326,80.12,7.23,4.38,2118116.63,291.6,1.74,0.7,4466.5,100.4,2022,3.0,22160.17,Kota Kediri,6.29
Kota Kediri,537326,80.12,7.23,4.38,2118116.63,291.6,1.74,0.7,4466.5,100.4,2022,4.0,22790.81,Kota Kediri,5.76
Kota Blitar,517363,80.15,7.37,5.39,2039024.44,151.9,1.98,0.37,4618.0,98.8,2022,1.0,1247.96,Kota Kediri,2.33
Kota Blitar,517363,80.15,7.37,5.39,2039024.44,151.9,1.98,0.37,4618.0,98.8,2022,2.0,1290.09,Kota Kediri,4.03
Kota Blitar,517363,80.15,7.37,5.39,2039024.44,151.9,1.98,0.37,4618.0,98.8,2022,3.0,1296.74,Kota Kediri,6.29
Kota Blitar,517363,80.15,7.37,5.39,2039024.44,151.9,1.98,0.37,4618.0,98.8,2022,4.0,1346.82,Kota Kediri,5.76
Kota Malang,609612,83.38,4.37,7.66,2994143.98,855.1,1.36,2.08,6803.0,98.95,2022,1.0,13851.85,Kota Malang,2.98
Kota Malang,609612,83.38,4.37,7.66,2994143.98,855.1,1.36,2.08,6803.0,98.95,2022,2.0,13989.0,Kota Malang,5.3
Kota Malang,609612,83.38,4.37,7.66,2994143.98,855.1,1.36,2.08,6803.0,98.95,2022,3.0,14311.5,Kota Malang,7.08
Kota Malang,609612,83.38,4.37,7.66,2994143.98,855.1,1.36,2.08,6803.0,98.95,2022,4.0,14526.29,Kota Malang,6.45
Kota Probolinggo,575195,76.08,6.65,4.57,2376240.63,244.1,1.97,0.59,4386.5,98.4,2022,1.0,2151.18,Kota Malang,2.98
Kota Probolinggo,575195,76.08,6.65,4.57,2376240.63,244.1,1.97,0.59,4386.5,98.4,2022,2.0,2244.19,Kota Malang,5.3
Kota Probolinggo,575195,76.08,6.65,4.57,2376240.63,244.1,1.97,0.59,4386.5,98.4,2022,3.0,2287.68,Kota Malang,7.08
Kota Probolinggo,575195,76.08,6.65,4.57,2376240.63,244.1,1.97,0.59,4386.5,98.4,2022,4.0,2189.79,Kota Malang,6.45
Kota Pasuruan,486893,77.71,6.37,6.18,2838837.64,212.95,2.51,0.52,5743.0,100.05,2022,1.0,1538.73,Kota Malang,2.98
Kota Pasuruan,486893,77.71,6.37,6.18,2838837.64,212.95,2.51,0.52,5743.0,100.05,2022,2.0,1560.09,Kota Malang,5.3
Kota Pasuruan,486893,77.71,6.37,6.18,2838837.64,212.95,2.51,0.52,5743.0,100.05,2022,3.0,1608.45,Kota Malang,7.08
Kota Pasuruan,486893,77.71,6.37,6.18,2838837.64,212.95,2.51,0.52,5743.0,100.05,2022,4.0,1575.12,Kota Malang,6.45
Kota Mojokerto,531804,80.19,5.98,5.05,2510452.36,134.7,1.82,0.33,6663.0,98.35,2022,1.0,1276.21,Kota Surabaya,3.16
Kota Mojokerto,531804,80.19,5.98,5.05,2510452.36,134.7,1.82,0.33,6663.0,98.35,2022,2.0,1311.23,Kota Surabaya,4.89
Kota Mojokerto,531804,80.19,5.98,5.05,2510452.36,134.7,1.82,0.33,6663.0,98.35,2022,3.0,1328.07,Kota Surabaya,6.91
Kota Mojokerto,531804,80.19,5.98,5.05,2510452.36,134.7,1.82,0.33,6663.0,98.35,2022,4.0,1337.48,Kota Surabaya,6.59
Kota Madiun,551620,83.02,4.76,6.39,1991105.79,198.45,1.82,0.48,5670.5,95.8,2022,1.0,2727.38,Kota Madiun,2.38
Kota Madiun,551620,83.02,4.76,6.39,1991105.79,198.45,1.82,0.48,5670.5,95.8,2022,1.0,2727.38,Kota Madiun,2.38
Kota Madiun,551620,83.02,4.76,6.39,1991105.79,198.45,1.82,0.48,5670.5,95.8,2022,2.0,2730.7,Kota Madiun,4.76
Kota Madiun,551620,83.02,4.76,6.39,1991105.79,198.45,1.82,0.48,5670.5,95.8,2022,2.0,2730.7,Kota Madiun,4.76
Kota Madiun,551620,83.02,4.76,6.39,1991105.79,198.45,1.82,0.48,5670.5,95.8,2022,3.0,2772.0,Kota Madiun,6.14
Kota Madiun,551620,83.02,4.76,6.39,1991105.79,198.45,1.82,0.48,5670.5,95.8,2022,3.0,2772.0,Kota Madiun,6.14
Kota Madiun,551620,83.02,4.76,6.39,1991105.79,198.45,1.82,0.48,5670.5,95.8,2022,4.0,2889.48,Kota Madiun,5.8
Kota Madiun,551620,83.02,4.76,6.39,1991105.79,198.45,1.82,0.48,5670.5,95.8,2022,4.0,2889.48,Kota Madiun,5.8
Kota Surabaya,652540,83.32,4.72,7.62,4375479.19,2895.85,0.79,7.03,8442.0,98.2,2022,1.0,105891.3,Kota Surabaya,3.16
Kota Surabaya,652540,83.32,4.72,7.62,4375479.19,2895.85,0.79,7.03,8442.0,98.2,2022,1.0,105891.3,Kota Surabaya,3.16
Kota Surabaya,652540,83.32,4.72,7.62,4375479.19,2895.85,0.79,7.03,8442.0,98.2,2022,2.0,107655.22,Kota Surabaya,4.89
Kota Surabaya,652540,83.32,4.72,7.62,4375479.19,2895.85,0.79,7.03,8442.0,98.2,2022,2.0,107655.22,Kota Surabaya,4.89
Kota Surabaya,652540,83.32,4.72,7.62,4375479.19,2895.85,0.79,7.03,8442.0,98.2,2022,3.0,109914.17,Kota Surabaya,6.91
Kota Surabaya,652540,83.32,4.72,7.62,4375479.19,2895.85,0.79,7.03,8442.0,98.2,2022,3.0,109914.17,Kota Surabaya,6.91
Kota Surabaya,652540,83.32,4.72,7.62,4375479.19,2895.85,0.79,7.03,8442.0,98.2,2022,4.0,110807.64,Kota Surabaya,6.59
Kota Surabaya,652540,83.32,4.72,7.62,4375479.19,2895.85,0.79,7.03,8442.0,98.2,2022,4.0,110807.64,Kota Surabaya,6.59
Kota Batu,564010,78.13,3.79,8.43,2830367.09,217.45,2.2,0.53,1352.0,101.35,2022,1.0,2993.33,Kota Malang,2.98
Kota Batu,564010,78.13,3.79,8.43,2830367.09,217.45,2.2,0.53,1352.0,101.35,2022,1.0,2993.33,Kota Malang,2.98
Kota Batu,564010,78.13,3.79,8.43,2830367.09,217.45,2.2,0.53,1352.0,101.35,2022,2.0,3047.03,Kota Malang,5.3
Kota Batu,564010,78.13,3.79,8.43,2830367.09,217.45,2.2,0.53,1352.0,101.35,2022,2.0,3047.03,Kota Malang,5.3
Kota Batu,564010,78.13,3.79,8.43,2830367.09,217.45,2.2,0.53,1352.0,101.35,2022,3.0,3104.76,Kota Malang,7.08
Kota Batu,564010,78.13,3.79,8.43,2830367.09,217.45,2.2,0.53,1352.0,101.35,2022,3.0,3104.76,Kota Malang,7.08
Kota Batu,564010,78.13,3.79,8.43,2830367.09,217.45,2.2,0.53,1352.0,101.35,2022,4.0,3035.81,Kota Malang,6.45
Kota Batu,564010,78.13,3.79,8.43,2830367.09,217.45,2.2,0.53,1352.0,101.35,2022,4.0,3035.81,Kota Malang,6.45
Kabupaten Pacitan,352606,70.94,13.65,1.83,2199337.0,588.0,0.12,1.42,410.0,100.8,2023,1,3005.41,Kota Madiun,5.15
Kabupaten Pacitan,352606,70.94,13.65,1.83,2199337.0,588.0,0.12,1.42,410.0,100.8,2023,2,3054.34,Kota Madiun,3.25
Kabupaten Pacitan,352606,70.94,13.65,1.83,2199337.0,588.0,0.12,1.42,410.0,100.8,2023,3,3189.79,Kota Madiun,2.16
Kabupaten Pacitan,352606,70.94,13.65,1.83,2199337.0,588.0,0.12,1.42,410.0,100.8,2023,4,2995.43,Kota Madiun,2.35
Kabupaten Ponorogo,395069,73.18,9.53,4.66,2235311.0,959.5,0.39,2.31,676.0,99.4,2023,1,3848.15,Kota Madiun,5.15
Kabupaten Ponorogo,395069,73.18,9.53,4.66,2235311.0,959.5,0.39,2.31,676.0,99.4,2023,2,4002.72,Kota Madiun,3.25
Kabupaten Ponorogo,395069,73.18,9.53,4.66,2235311.0,959.5,0.39,2.31,676.0,99.4,2023,3,4185.2,Kota Madiun,2.16
Kabupaten Ponorogo,395069,73.18,9.53,4.66,2235311.0,959.5,0.39,2.31,676.0,99.4,2023,4,3833.98,Kota Madiun,2.35
Kabupaten Trenggalek,411527,71.96,10.63,4.52,2223163.0,741.2,0.5,1.78,593.0,100.6,2023,1,3357.34,Kota Kediri,5.36
Kabupaten Trenggalek,411527,71.96,10.63,4.52,2223163.0,741.2,0.5,1.78,593.0,100.6,2023,2,3519.24,Kota Kediri,3.92
Kabupaten Trenggalek,411527,71.96,10.63,4.52,2223163.0,741.2,0.5,1.78,593.0,100.6,2023,3,3679.26,Kota Kediri,2.55
Kabupaten Trenggalek,411527,71.96,10.63,4.52,2223163.0,741.2,0.5,1.78,593.0,100.6,2023,4,3656.23,Kota Kediri,2.64
Kabupaten Tulungagung,423875,74.65,6.53,5.65,2320000.0,1107.8,0.6,2.67,968.0,100.1,2023,1,7233.08,Kota Kediri,5.36
Kabupaten Tulungagung,423875,74.65,6.53,5.65,2320000.0,1107.8,0.6,2.67,968.0,100.1,2023,2,7691.13,Kota Kediri,3.92
Kabupaten Tulungagung,423875,74.65,6.53,5.65,2320000.0,1107.8,0.6,2.67,968.0,100.1,2023,3,7909.09,Kota Kediri,2.55
Kabupaten Tulungagung,423875,74.65,6.53,5.65,2320000.0,1107.8,0.6,2.67,968.0,100.1,2023,4,7401.3,Kota Kediri,2.64
Kabupaten Blitar,387733,72.84,8.69,4.91,2256050.0,1253.6,0.88,3.02,718.0,101.2,2023,1,6905.4,Kota Kediri,5.36
Kabupaten Blitar,387733,72.84,8.69,4.91,2256050.0,1253.6,0.88,3.02,718.0,101.2,2023,2,7313.55,Kota Kediri,3.92
Kabupaten Blitar,387733,72.84,8.69,4.91,2256050.0,1253.6,0.88,3.02,718.0,101.2,2023,3,7109.3,Kota Kediri,2.55
Kabupaten Blitar,387733,72.84,8.69,4.91,2256050.0,1253.6,0.88,3.02,718.0,101.2,2023,4,6911.6,Kota Kediri,2.64
Kabupaten Kediri,385874,74.68,10.72,5.79,2340668.0,1677.2,0.92,4.04,1101.0,101.9,2023,1,7614.68,Kota Kediri,5.36
Kabupaten Kediri,385874,74.68,10.72,5.79,2340668.0,1677.2,0.92,4.04,1101.0,101.9,2023,2,7978.4,Kota Kediri,3.92
Kabupaten Kediri,385874,74.68,10.72,5.79,2340668.0,1677.2,0.92,4.04,1101.0,101.9,2023,3,8528.33,Kota Kediri,2.55
Kabupaten Kediri,385874,74.68,10.72,5.79,2340668.0,1677.2,0.92,4.04,1101.0,101.9,2023,4,8074.09,Kota Kediri,2.64
Kabupaten Malang,399647,73.0,9.45,5.7,3368275.0,2715.6,0.83,6.54,782.0,101.2,2023,1,18392.47,Kota Malang,5.74
Kabupaten Malang,399647,73.0,9.45,5.7,3368275.0,2715.6,0.83,6.54,782.0,101.2,2023,2,18789.06,Kota Malang,3.85
Kabupaten Malang,399647,73.0,9.45,5.7,3368275.0,2715.6,0.83,6.54,782.0,101.2,2023,3,19212.26,Kota Malang,2.27
Kabupaten Malang,399647,73.0,9.45,5.7,3368275.0,2715.6,0.83,6.54,782.0,101.2,2023,4,19350.51,Kota Malang,2.56
Kabupaten Lumajang,386995,69.37,8.93,3.67,2281469.0,1139.1,0.64,2.74,634.0,97.8,2023,1,5884.74,Kabupaten Jember,6.48
Kabupaten Lumajang,386995,69.37,8.93,3.67,2281469.0,1139.1,0.64,2.74,634.0,97.8,2023,2,6420.41,Kabupaten Jember,4.31
Kabupaten Lumajang,386995,69.37,8.93,3.67,2281469.0,1139.1,0.64,2.74,634.0,97.8,2023,3,6392.38,Kabupaten Jember,3.05
Kabupaten Lumajang,386995,69.37,8.93,3.67,2281469.0,1139.1,0.64,2.74,634.0,97.8,2023,4,6110.82,Kabupaten Jember,2.29
Kabupaten Jember,441171,70.42,9.51,4.01,2665392.0,2586.8,0.71,6.23,781.0,99.3,2023,1,14045.56,Kabupaten Jember,6.48
Kabupaten Jember,441171,70.42,9.51,4.01,2665392.0,2586.8,0.71,6.23,781.0,99.3,2023,2,15185.96,Kabupaten Jember,4.31
Kabupaten Jember,441171,70.42,9.51,4.01,2665392.0,2586.8,0.71,6.23,781.0,99.3,2023,3,16031.21,Kabupaten Jember,3.05
Kabupaten Jember,441171,70.42,9.51,4.01,2665392.0,2586.8,0.71,6.23,781.0,99.3,2023,4,14721.27,Kabupaten Jember,2.29
Kabupaten Banyuwangi,448928,73.79,7.34,4.75,2638628.0,1743.9,0.76,4.2,485.0,100.1,2023,1,14311.95,Kabupaten Banyuwangi,5.71
Kabupaten Banyuwangi,448928,73.79,7.34,4.75,2638628.0,1743.9,0.76,4.2,485.0,100.1,2023,2,15382.49,Kabupaten Banyuwangi,3.97
Kabupaten Banyuwangi,448928,73.79,7.34,4.75,2638628.0,1743.9,0.76,4.2,485.0,100.1,2023,3,15536.79,Kabupaten Banyuwangi,3.1
Kabupaten Banyuwangi,448928,73.79,7.34,4.75,2638628.0,1743.9,0.76,4.2,485.0,100.1,2023,4,15617.12,Kabupaten Banyuwangi,2.15
Kabupaten Bondowoso,494000,70.56,13.34,4.15,2183590.0,788.2,0.56,1.9,507.0,97.2,2023,1,3542.89,Kabupaten Jember,6.48
Kabupaten Bondowoso,494000,70.56,13.34,4.15,2183590.0,788.2,0.56,1.9,507.0,97.2,2023,2,3972.53,Kabupaten Jember,4.31
Kabupaten Bondowoso,494000,70.56,13.34,4.15,2183590.0,788.2,0.56,1.9,507.0,97.2,2023,3,3806.79,Kabupaten Jember,3.05
Kabupaten Bondowoso,494000,70.56,13.34,4.15,2183590.0,788.2,0.56,1.9,507.0,97.2,2023,4,3753.41,Kabupaten Jember,2.29
Kabupaten Situbondo,396587,70.65,11.9,3.27,2172287.0,697.0,0.58,1.68,421.0,96.6,2023,1,3594.13,Kabupaten Jember,6.48
Kabupaten Situbondo,396587,70.65,11.9,3.27,2172287.0,697.0,0.58,1.68,421.0,96.6,2023,2,3850.61,Kabupaten Jember,4.31
Kabupaten Situbondo,396587,70.65,11.9,3.27,2172287.0,697.0,0.58,1.68,421.0,96.6,2023,3,3932.08,Kabupaten Jember,3.05
Kabupaten Situbondo,396587,70.65,11.9,3.27,2172287.0,697.0,0.58,1.68,421.0,96.6,2023,4,3642.17,Kabupaten Jember,2.29
Kabupaten Probolinggo,514274,70.36,17.19,3.24,2806955.0,1176.9,0.77,2.83,682.0,97.5,2023,1,6095.67,Kota Malang,5.74
Kabupaten Probolinggo,514274,70.36,17.19,3.24,2806955.0,1176.9,0.77,2.83,682.0,97.5,2023,2,6813.81,Kota Malang,3.85
Kabupaten Probolinggo,514274,70.36,17.19,3.24,2806955.0,1176.9,0.77,2.83,682.0,97.5,2023,3,6603.36,Kota Malang,2.27
Kabupaten Probolinggo,514274,70.36,17.19,3.24,2806955.0,1176.9,0.77,2.83,682.0,97.5,2023,4,6392.09,Kota Malang,2.56
Kabupaten Pasuruan,429624,71.91,9.24,5.48,4635133.0,1644.5,0.86,3.96,1101.0,100.1,2023,1,28943.38,Kota Malang,5.74
Kabupaten Pasuruan,429624,71.91,9.24,5.48,4635133.0,1644.5,0.86,3.96,1101.0,100.1,2023,2,29565.83,Kota Malang,3.85
Kabupaten Pasuruan,429624,71.91,9.24,5.48,4635133.0,1644.5,0.86,3.96,1101.0,100.1,2023,3,30073.94,Kota Malang,2.27
Kabupaten Pasuruan,429624,71.91,9.24,5.48,4635133.0,1644.5,0.86,3.96,1101.0,100.1,2023,4,30669.39,Kota Malang,2.56
Kabupaten Sidoarjo,571696,81.88,5.0,8.05,4638582.0,2148.7,1.14,5.17,2968.0,101.1,2023,1,39232.68,Kota Surabaya,6.3
Kabupaten Sidoarjo,571696,81.88,5.0,8.05,4638582.0,2148.7,1.14,5.17,2968.0,101.1,2023,2,40035.91,Kota Surabaya,4.91
Kabupaten Sidoarjo,571696,81.88,5.0,8.05,4638582.0,2148.7,1.14,5.17,2968.0,101.1,2023,3,40569.88,Kota Surabaya,3.14
Kabupaten Sidoarjo,571696,81.88,5.0,8.05,4638582.0,2148.7,1.14,5.17,2968.0,101.1,2023,4,41112.31,Kota Surabaya,3.03
Kabupaten Mojokerto,486520,76.23,9.8,4.67,4624787.0,1145.5,0.85,2.76,1163.0,101.1,2023,1,16257.93,Kota Surabaya,6.3
Kabupaten Mojokerto,486520,76.23,9.8,4.67,4624787.0,1145.5,0.85,2.76,1163.0,101.1,2023,2,16775.73,Kota Surabaya,4.91
Kabupaten Mojokerto,486520,76.23,9.8,4.67,4624787.0,1145.5,0.85,2.76,1163.0,101.1,2023,3,17175.05,Kota Surabaya,3.14
Kabupaten Mojokerto,486520,76.23,9.8,4.67,4624787.0,1145.5,0.85,2.76,1163.0,101.1,2023,4,16773.96,Kota Surabaya,3.03
Kabupaten Jombang,488754,75.16,9.15,4.66,2945544.0,1351.3,0.91,3.25,1218.0,101.6,2023,1,7651.23,Kota Surabaya,6.3
Kabupaten Jombang,488754,75.16,9.15,4.66,2945544.0,1351.3,0.91,3.25,1218.0,101.6,2023,2,7960.62,Kota Surabaya,4.91
Kabupaten Jombang,488754,75.16,9.15,4.66,2945544.0,1351.3,0.91,3.25,1218.0,101.6,2023,3,8292.69,Kota Surabaya,3.14
Kabupaten Jombang,488754,75.16,9.15,4.66,2945544.0,1351.3,0.91,3.25,1218.0,101.6,2023,4,7698.23,Kota Surabaya,3.03
Kabupaten Nganjuk,513565,74.7,10.89,4.68,2258455.0,1124.7,0.68,2.71,872.0,101.1,2023,1,5175.68,Kota Kediri,5.36
Kabupaten Nganjuk,513565,74.7,10.89,4.68,2258455.0,1124.7,0.68,2.71,872.0,101.1,2023,2,5172.23,Kota Kediri,3.92
Kabupaten Nganjuk,513565,74.7,10.89,4.68,2258455.0,1124.7,0.68,2.71,872.0,101.1,2023,3,5357.81,Kota Kediri,2.55
Kabupaten Nganjuk,513565,74.7,10.89,4.68,2258455.0,1124.7,0.68,2.71,872.0,101.1,2023,4,4892.85,Kota Kediri,2.64
Kabupaten Madiun,437296,74.02,11.04,5.14,2243291.0,754.5,0.49,1.82,678.0,98.0,2023,1,3496.83,Kota Madiun,5.15
Kabupaten Madiun,437296,74.02,11.04,5.14,2243291.0,754.5,0.49,1.82,678.0,98.0,2023,2,3622.42,Kota Madiun,3.25
Kabupaten Madiun,437296,74.02,11.04,5.14,2243291.0,754.5,0.49,1.82,678.0,98.0,2023,3,3981.44,Kota Madiun,2.16
Kabupaten Madiun,437296,74.02,11.04,5.14,2243291.0,754.5,0.49,1.82,678.0,98.0,2023,4,3795.12,Kota Madiun,2.35
Kabupaten Magetan,431203,76.3,9.8,4.16,2238808.0,681.7,0.59,1.64,965.0,96.8,2023,1,3509.15,Kota Madiun,5.15
Kabupaten Magetan,431203,76.3,9.8,4.16,2238808.0,681.7,0.59,1.64,965.0,96.8,2023,2,3619.52,Kota Madiun,3.25
Kabupaten Magetan,431203,76.3,9.8,4.16,2238808.0,681.7,0.59,1.64,965.0,96.8,2023,3,3749.73,Kota Madiun,2.16
Kabupaten Magetan,431203,76.3,9.8,4.16,2238808.0,681.7,0.59,1.64,965.0,96.8,2023,4,3684.29,Kota Madiun,2.35
Kabupaten Ngawi,413947,73.28,14.4,2.41,2241054.0,880.7,0.44,2.12,631.0,98.3,2023,1,3571.8,Kota Madiun,5.15
Kabupaten Ngawi,413947,73.28,14.4,2.41,2241054.0,880.7,0.44,2.12,631.0,98.3,2023,2,3498.4,Kota Madiun,3.25
Kabupaten Ngawi,413947,73.28,14.4,2.41,2241054.0,880.7,0.44,2.12,631.0,98.3,2023,3,3932.77,Kota Madiun,2.16
Kabupaten Ngawi,413947,73.28,14.4,2.41,2241054.0,880.7,0.44,2.12,631.0,98.3,2023,4,3901.53,Kota Madiun,2.35
Kabupaten Bojonegoro,435936,71.8,12.18,4.63,2371016.0,1319.6,0.5,3.18,571.0,100.7,2023,1,16133.63,Kota Surabaya,6.3
Kabupaten Bojonegoro,435936,71.8,12.18,4.63,2371016.0,1319.6,0.5,3.18,571.0,100.7,2023,2,16269.2,Kota Surabaya,4.91
Kabupaten Bojonegoro,435936,71.8,12.18,4.63,2371016.0,1319.6,0.5,3.18,571.0,100.7,2023,3,15821.75,Kota Surabaya,3.14
Kabupaten Bojonegoro,435936,71.8,12.18,4.63,2371016.0,1319.6,0.5,3.18,571.0,100.7,2023,4,15086.12,Kota Surabaya,3.03
Kabupaten Tuban,454336,71.4,14.91,4.4,2864225.0,1218.6,0.62,2.93,617.0,99.7,2023,1,12575.0,Kota Surabaya,6.3
Kabupaten Tuban,454336,71.4,14.91,4.4,2864225.0,1218.6,0.62,2.93,617.0,99.7,2023,2,12105.34,Kota Surabaya,4.91
Kabupaten Tuban,454336,71.4,14.91,4.4,2864225.0,1218.6,0.62,2.93,617.0,99.7,2023,3,12583.62,Kota Surabaya,3.14
Kabupaten Tuban,454336,71.4,14.91,4.4,2864225.0,1218.6,0.62,2.93,617.0,99.7,2023,4,12720.27,Kota Surabaya,3.03
Kabupaten Lamongan,481969,75.29,12.42,5.46,2828323.0,1369.5,0.68,3.3,781.0,100.1,2023,1,7759.23,Kota Surabaya,6.3
Kabupaten Lamongan,481969,75.29,12.42,5.46,2828323.0,1369.5,0.68,3.3,781.0,100.1,2023,2,7912.67,Kota Surabaya,4.91
Kabupaten Lamongan,481969,75.29,12.42,5.46,2828323.0,1369.5,0.68,3.3,781.0,100.1,2023,3,7818.37,Kota Surabaya,3.14
Kabupaten Lamongan,481969,75.29,12.42,5.46,2828323.0,1369.5,0.68,3.3,781.0,100.1,2023,4,7218.91,Kota Surabaya,3.03
Kabupaten Gresik,588316,78.44,10.96,6.82,4642031.0,1350.4,1.08,3.25,1075.0,101.4,2023,1,27814.28,Kota Surabaya,6.3
Kabupaten Gresik,588316,78.44,10.96,6.82,4642031.0,1350.4,1.08,3.25,1075.0,101.4,2023,2,28657.1,Kota Surabaya,4.91
Kabupaten Gresik,588316,78.44,10.96,6.82,4642031.0,1350.4,1.08,3.25,1075.0,101.4,2023,3,28557.48,Kota Surabaya,3.14
Kabupaten Gresik,588316,78.44,10.96,6.82,4642031.0,1350.4,1.08,3.25,1075.0,101.4,2023,4,28796.56,Kota Surabaya,3.03
Kabupaten Bangkalan,503207,66.82,19.35,6.18,2240701.0,1091.8,1.07,2.63,839.0,97.6,2023,1,4304.99,Kota Surabaya,6.3
Kabupaten Bangkalan,503207,66.82,19.35,6.18,2240701.0,1091.8,1.07,2.63,839.0,97.6,2023,2,4218.59,Kota Surabaya,4.91
Kabupaten Bangkalan,503207,66.82,19.35,6.18,2240701.0,1091.8,1.07,2.63,839.0,97.6,2023,3,4409.1,Kota Surabaya,3.14
Kabupaten Bangkalan,503207,66.82,19.35,6.18,2240701.0,1091.8,1.07,2.63,839.0,97.6,2023,4,4231.51,Kota Surabaya,3.03
Kabupaten Sampang,454716,66.19,21.76,2.72,2182861.0,1004.5,1.29,2.42,818.0,98.9,2023,1,3690.35,Kabupaten Sumenep,6.43
Kabupaten Sampang,454716,66.19,21.76,2.72,2182861.0,1004.5,1.29,2.42,818.0,98.9,2023,2,3704.11,Kabupaten Sumenep,4.53
Kabupaten Sampang,454716,66.19,21.76,2.72,2182861.0,1004.5,1.29,2.42,818.0,98.9,2023,3,3813.0,Kabupaten Sumenep,4.47
Kabupaten Sampang,454716,66.19,21.76,2.72,2182861.0,1004.5,1.29,2.42,818.0,98.9,2023,4,3466.66,Kabupaten Sumenep,5.08
Kabupaten Pamekasan,431127,70.32,13.85,1.74,2221135.0,875.8,1.09,2.11,1101.0,96.7,2023,1,3229.8,Kabupaten Sumenep,6.43
Kabupaten Pamekasan,431127,70.32,13.85,1.74,2221135.0,875.8,1.09,2.11,1101.0,96.7,2023,2,3244.16,Kabupaten Sumenep,4.53
Kabupaten Pamekasan,431127,70.32,13.85,1.74,2221135.0,875.8,1.09,2.11,1101.0,96.7,2023,3,3201.0,Kabupaten Sumenep,4.47
Kabupaten Pamekasan,431127,70.32,13.85,1.74,2221135.0,875.8,1.09,2.11,1101.0,96.7,2023,4,2953.72,Kabupaten Sumenep,5.08
Kabupaten Sumenep,471860,69.13,18.7,1.71,2249113.0,1146.6,0.71,2.76,550.0,94.0,2023,1,6366.02,Kabupaten Sumenep,6.43
Kabupaten Sumenep,471860,69.13,18.7,1.71,2249113.0,1146.6,0.71,2.76,550.0,94.0,2023,2,6785.71,Kabupaten Sumenep,4.53
Kabupaten Sumenep,471860,69.13,18.7,1.71,2249113.0,1146.6,0.71,2.76,550.0,94.0,2023,3,6918.36,Kabupaten Sumenep,4.47
Kabupaten Sumenep,471860,69.13,18.7,1.71,2249113.0,1146.6,0.71,2.76,550.0,94.0,2023,4,6174.7,Kabupaten Sumenep,5.08
Kota Kediri,587723,80.97,7.15,4.06,2415362.0,295.2,2.94,0.71,4391.0,100.5,2023,1,22653.69,Kota Kediri,5.36
Kota Kediri,587723,80.97,7.15,4.06,2415362.0,295.2,2.94,0.71,4391.0,100.5,2023,2,22333.23,Kota Kediri,3.92
Kota Kediri,587723,80.97,7.15,4.06,2415362.0,295.2,2.94,0.71,4391.0,100.5,2023,3,22945.23,Kota Kediri,2.55
Kota Kediri,587723,80.97,7.15,4.06,2415362.0,295.2,2.94,0.71,4391.0,100.5,2023,4,23699.21,Kota Kediri,2.64
Kota Blitar,568280,80.78,7.3,5.24,2330000.0,153.4,2.86,0.37,4619.0,98.6,2023,1,1322.43,Kota Kediri,5.36
Kota Blitar,568280,80.78,7.3,5.24,2330000.0,153.4,2.86,0.37,4619.0,98.6,2023,2,1370.59,Kota Kediri,3.92
Kota Blitar,568280,80.78,7.3,5.24,2330000.0,153.4,2.86,0.37,4619.0,98.6,2023,3,1372.03,Kota Kediri,2.55
Kota Blitar,568280,80.78,7.3,5.24,2330000.0,153.4,2.86,0.37,4619.0,98.6,2023,4,1390.76,Kota Kediri,2.64
Kota Malang,674660,84.0,4.26,6.8,3309144.0,865.3,2.55,2.08,7790.0,98.9,2023,1,14547.44,Kota Malang,5.74
Kota Malang,674660,84.0,4.26,6.8,3309144.0,865.3,2.55,2.08,7790.0,98.9,2023,2,14953.48,Kota Malang,3.85
Kota Malang,674660,84.0,4.26,6.8,3309144.0,865.3,2.55,2.08,7790.0,98.9,2023,3,15182.62,Kota Malang,2.27
Kota Malang,674660,84.0,4.26,6.8,3309144.0,865.3,2.55,2.08,7790.0,98.9,2023,4,15436.28,Kota Malang,2.56
Kota Probolinggo,628380,76.93,6.48,4.53,2701086.0,247.0,3.08,0.59,4517.0,98.5,2023,1,2227.33,Kota Malang,5.74
Kota Probolinggo,628380,76.93,6.48,4.53,2701086.0,247.0,3.08,0.59,4517.0,98.5,2023,2,2360.59,Kota Malang,3.85
Kota Probolinggo,628380,76.93,6.48,4.53,2701086.0,247.0,3.08,0.59,4517.0,98.5,2023,3,2418.14,Kota Malang,2.27
Kota Probolinggo,628380,76.93,6.48,4.53,2701086.0,247.0,3.08,0.59,4517.0,98.5,2023,4,2402.45,Kota Malang,2.56
Kota Pasuruan,529512,78.3,6.6,5.64,3138838.0,216.4,4.04,0.52,5549.0,100.1,2023,1,1605.48,Kota Malang,5.74
Kota Pasuruan,529512,78.3,6.6,5.64,3138838.0,216.4,4.04,0.52,5549.0,100.1,2023,2,1632.95,Kota Malang,3.85
Kota Pasuruan,529512,78.3,6.6,5.64,3138838.0,216.4,4.04,0.52,5549.0,100.1,2023,3,1689.76,Kota Malang,2.27
Kota Pasuruan,529512,78.3,6.6,5.64,3138838.0,216.4,4.04,0.52,5549.0,100.1,2023,4,1708.89,Kota Malang,2.56
Kota Mojokerto,581006,80.9,5.77,4.73,2832710.0,136.1,2.8,0.33,6732.0,98.3,2023,1,1318.43,Kota Surabaya,6.3
Kota Mojokerto,581006,80.9,5.77,4.73,2832710.0,136.1,2.8,0.33,6732.0,98.3,2023,2,1350.17,Kota Surabaya,4.91
Kota Mojokerto,581006,80.9,5.77,4.73,2832710.0,136.1,2.8,0.33,6732.0,98.3,2023,3,1348.53,Kota Surabaya,3.14
Kota Mojokerto,581006,80.9,5.77,4.73,2832710.0,136.1,2.8,0.33,6732.0,98.3,2023,4,1382.49,Kota Surabaya,3.03
Kota Madiun,605131,83.71,4.74,5.85,2274277.0,200.0,2.45,0.48,5536.0,95.9,2023,1,2893.49,Kota Madiun,5.15
Kota Madiun,605131,83.71,4.74,5.85,2274277.0,200.0,2.45,0.48,5536.0,95.9,2023,2,2910.77,Kota Madiun,3.25
Kota Madiun,605131,83.71,4.74,5.85,2274277.0,200.0,2.45,0.48,5536.0,95.9,2023,3,2949.95,Kota Madiun,2.16
Kota Madiun,605131,83.71,4.74,5.85,2274277.0,200.0,2.45,0.48,5536.0,95.9,2023,4,3010.19,Kota Madiun,2.35
Kota Surabaya,718370,83.99,4.65,6.76,4725479.0,2911.4,1.29,7.01,8667.0,98.1,2023,1,111588.09,Kota Surabaya,6.3
Kota Surabaya,718370,83.99,4.65,6.76,4725479.0,2911.4,1.29,7.01,8667.0,98.1,2023,2,113922.84,Kota Surabaya,4.91
Kota Surabaya,718370,83.99,4.65,6.76,4725479.0,2911.4,1.29,7.01,8667.0,98.1,2023,3,116286.17,Kota Surabaya,3.14
Kota Surabaya,718370,83.99,4.65,6.76,4725479.0,2911.4,1.29,7.01,8667.0,98.1,2023,4,117233.61,Kota Surabaya,3.03
Kota Batu,613985,79.07,3.31,4.52,3155367.0,220.2,3.38,0.53,1134.0,101.3,2023,1,3107.36,Kota Malang,5.74
Kota Batu,613985,79.07,3.31,4.52,3155367.0,220.2,3.38,0.53,1134.0,101.3,2023,2,3312.45,Kota Malang,3.85
Kota Batu,613985,79.07,3.31,4.52,3155367.0,220.2,3.38,0.53,1134.0,101.3,2023,3,3251.0,Kota Malang,2.27
Kota Batu,613985,79.07,3.31,4.52,3155367.0,220.2,3.38,0.53,1134.0,101.3,2023,4,3265.79,Kota Malang,2.56
Kabupaten Pacitan,370643,71.49,13.08,1.56,2364287.0,588.6,0.11,1.41,411.0,100.8,2024,1,3059.5,Kota Madiun,3.05
Kabupaten Pacitan,370643,71.49,13.08,1.56,2364287.0,588.6,0.11,1.41,411.0,100.8,2024,2,3266.3,Kota Madiun,1.85
Kabupaten Pacitan,370643,71.49,13.08,1.56,2364287.0,588.6,0.11,1.41,411.0,100.8,2024,3,3348.53,Kota Madiun,1.22
Kabupaten Pacitan,370643,71.49,13.08,1.56,2364287.0,588.6,0.11,1.41,411.0,100.8,2024,4,3101.49,Kota Madiun,"1,31"
Kabupaten Ponorogo,413619,73.7,9.11,4.19,2402959.0,962.9,0.38,2.3,679.0,99.3,2024,1,3953.78,Kota Madiun,3.05
Kabupaten Ponorogo,413619,73.7,9.11,4.19,2402959.0,962.9,0.38,2.3,679.0,99.3,2024,2,4280.65,Kota Madiun,1.85
Kabupaten Ponorogo,413619,73.7,9.11,4.19,2402959.0,962.9,0.38,2.3,679.0,99.3,2024,3,4379.51,Kota Madiun,1.22
Kabupaten Ponorogo,413619,73.7,9.11,4.19,2402959.0,962.9,0.38,2.3,679.0,99.3,2024,4,4008.84,Kota Madiun,"1,31"
Kabupaten Trenggalek,434146,72.47,10.5,3.9,2378784.0,744.5,0.49,1.78,596.0,100.5,2024,1,3509.02,Kota Kediri,2.88
Kabupaten Trenggalek,434146,72.47,10.5,3.9,2378784.0,744.5,0.49,1.78,596.0,100.5,2024,2,3712.51,Kota Kediri,1.72
Kabupaten Trenggalek,434146,72.47,10.5,3.9,2378784.0,744.5,0.49,1.78,596.0,100.5,2024,3,3859.56,Kota Kediri,0.88
Kabupaten Trenggalek,434146,72.47,10.5,3.9,2378784.0,744.5,0.49,1.78,596.0,100.5,2024,4,3800.46,Kota Kediri,"1,19"
Kabupaten Tulungagung,447793,75.13,6.28,4.12,2470800.0,1113.9,0.58,2.66,973.0,100.1,2024,1,7535.06,Kota Kediri,2.88
Kabupaten Tulungagung,447793,75.13,6.28,4.12,2470800.0,1113.9,0.58,2.66,973.0,100.1,2024,2,8007.7,Kota Kediri,1.72
Kabupaten Tulungagung,447793,75.13,6.28,4.12,2470800.0,1113.9,0.58,2.66,973.0,100.1,2024,3,8242.93,Kota Kediri,0.88
Kabupaten Tulungagung,447793,75.13,6.28,4.12,2470800.0,1113.9,0.58,2.66,973.0,100.1,2024,4,7918.2,Kota Kediri,"1,19"
Kabupaten Blitar,408399,73.44,8.16,4.77,2413974.0,1263.7,0.86,3.02,724.0,101.1,2024,1,7056.4,Kota Kediri,2.88
Kabupaten Blitar,408399,73.44,8.16,4.77,2413974.0,1263.7,0.86,3.02,724.0,101.1,2024,2,7699.31,Kota Kediri,1.72
Kabupaten Blitar,408399,73.44,8.16,4.77,2413974.0,1263.7,0.86,3.02,724.0,101.1,2024,3,7472.31,Kota Kediri,0.88
Kabupaten Blitar,408399,73.44,8.16,4.77,2413974.0,1263.7,0.86,3.02,724.0,101.1,2024,4,7265.78,Kota Kediri,"1,19"
Kabupaten Kediri,403621,75.18,9.95,5.1,2492811.0,1689.9,0.88,4.04,1109.0,101.9,2024,1,7959.47,Kota Kediri,2.88
Kabupaten Kediri,403621,75.18,9.95,5.1,2492811.0,1689.9,0.88,4.04,1109.0,101.9,2024,2,8383.72,Kota Kediri,1.72
Kabupaten Kediri,403621,75.18,9.95,5.1,2492811.0,1689.9,0.88,4.04,1109.0,101.9,2024,3,8918.42,Kota Kediri,0.88
Kabupaten Kediri,403621,75.18,9.95,5.1,2492811.0,1689.9,0.88,4.04,1109.0,101.9,2024,4,8526.02,Kota Kediri,"1,19"
Kabupaten Malang,420334,73.53,8.98,5.13,3553530.0,2736.0,0.81,6.54,788.0,101.1,2024,1,19366.79,Kota Malang,2.9
Kabupaten Malang,420334,73.53,8.98,5.13,3553530.0,2736.0,0.81,6.54,788.0,101.1,2024,2,19801.48,Kota Malang,2.02
Kabupaten Malang,420334,73.53,8.98,5.13,3553530.0,2736.0,0.81,6.54,788.0,101.1,2024,3,20133.31,Kota Malang,1.62
Kabupaten Malang,420334,73.53,8.98,5.13,3553530.0,2736.0,0.81,6.54,788.0,101.1,2024,4,20199.32,Kota Malang,"1,36"
Kabupaten Lumajang,405136,70.31,8.65,3.28,2429764.0,1145.9,0.63,2.74,638.0,97.8,2024,1,6094.54,Kabupaten Jember,2.53
Kabupaten Lumajang,405136,70.31,8.65,3.28,2429764.0,1145.9,0.63,2.74,638.0,97.8,2024,2,6671.31,Kabupaten Jember,1.99
Kabupaten Lumajang,405136,70.31,8.65,3.28,2429764.0,1145.9,0.63,2.74,638.0,97.8,2024,3,6717.55,Kabupaten Jember,1.56
Kabupaten Lumajang,405136,70.31,8.65,3.28,2429764.0,1145.9,0.63,2.74,638.0,97.8,2024,4,6446.52,Kabupaten Jember,"1,74"
Kabupaten Jember,459043,70.93,9.01,3.23,2838642.0,2603.8,0.7,6.23,786.0,99.3,2024,1,14645.47,Kabupaten Jember,2.53
Kabupaten Jember,459043,70.93,9.01,3.23,2838642.0,2603.8,0.7,6.23,786.0,99.3,2024,2,16035.33,Kabupaten Jember,1.99
Kabupaten Jember,459043,70.93,9.01,3.23,2838642.0,2603.8,0.7,6.23,786.0,99.3,2024,3,16802.63,Kabupaten Jember,1.56
Kabupaten Jember,459043,70.93,9.01,3.23,2838642.0,2603.8,0.7,6.23,786.0,99.3,2024,4,15413.74,Kabupaten Jember,"1,74"
Kabupaten Banyuwangi,470713,74.3,6.54,4.03,2810139.0,1754.4,0.72,4.2,488.0,100.0,2024,1,14990.88,Kabupaten Banyuwangi,2.67
Kabupaten Banyuwangi,470713,74.3,6.54,4.03,2810139.0,1754.4,0.72,4.2,488.0,100.0,2024,2,16136.94,Kabupaten Banyuwangi,2.38
Kabupaten Banyuwangi,470713,74.3,6.54,4.03,2810139.0,1754.4,0.72,4.2,488.0,100.0,2024,3,16317.59,Kabupaten Banyuwangi,2.07
Kabupaten Banyuwangi,470713,74.3,6.54,4.03,2810139.0,1754.4,0.72,4.2,488.0,100.0,2024,4,16248.16,Kabupaten Banyuwangi,"1,73"
Kabupaten Bondowoso,517741,71.22,12.6,3.63,2347359.0,792.3,0.55,1.89,510.0,97.3,2024,1,3713.04,Kabupaten Jember,2.53
Kabupaten Bondowoso,517741,71.22,12.6,3.63,2347359.0,792.3,0.55,1.89,510.0,97.3,2024,2,4165.03,Kabupaten Jember,1.99
Kabupaten Bondowoso,517741,71.22,12.6,3.63,2347359.0,792.3,0.55,1.89,510.0,97.3,2024,3,4010.07,Kabupaten Jember,1.56
Kabupaten Bondowoso,517741,71.22,12.6,3.63,2347359.0,792.3,0.55,1.89,510.0,97.3,2024,4,3921.13,Kabupaten Jember,"1,74"
Kabupaten Situbondo,413611,71.22,11.51,3.15,2335209.0,700.7,0.57,1.68,424.0,96.6,2024,1,3787.45,Kabupaten Jember,2.53
Kabupaten Situbondo,413611,71.22,11.51,3.15,2335209.0,700.7,0.57,1.68,424.0,96.6,2024,2,4036.98,Kabupaten Jember,1.99
Kabupaten Situbondo,413611,71.22,11.51,3.15,2335209.0,700.7,0.57,1.68,424.0,96.6,2024,3,4103.86,Kabupaten Jember,1.56
Kabupaten Situbondo,413611,71.22,11.51,3.15,2335209.0,700.7,0.57,1.68,424.0,96.6,2024,4,3813.47,Kabupaten Jember,"1,74"
Kabupaten Probolinggo,537724,70.85,16.45,3.0,2989407.0,1185.2,0.75,2.83,687.0,97.4,2024,1,6314.09,Kota Malang,2.9
Kabupaten Probolinggo,537724,70.85,16.45,3.0,2989407.0,1185.2,0.75,2.83,687.0,97.4,2024,2,7170.88,Kota Malang,2.02
Kabupaten Probolinggo,537724,70.85,16.45,3.0,2989407.0,1185.2,0.75,2.83,687.0,97.4,2024,3,6948.47,Kota Malang,1.62
Kabupaten Probolinggo,537724,70.85,16.45,3.0,2989407.0,1185.2,0.75,2.83,687.0,97.4,2024,4,6719.65,Kota Malang,"1,36"
Kabupaten Pasuruan,450088,72.36,8.63,5.02,4866890.0,1657.2,0.84,3.96,1110.0,100.1,2024,1,30547.67,Kota Malang,2.9
Kabupaten Pasuruan,450088,72.36,8.63,5.02,4866890.0,1657.2,0.84,3.96,1110.0,100.1,2024,2,31125.82,Kota Malang,2.02
Kabupaten Pasuruan,450088,72.36,8.63,5.02,4866890.0,1657.2,0.84,3.96,1110.0,100.1,2024,3,31684.16,Kota Malang,1.62
Kabupaten Pasuruan,450088,72.36,8.63,5.02,4866890.0,1657.2,0.84,3.96,1110.0,100.1,2024,4,32265.17,Kota Malang,"1,36"
Kabupaten Sidoarjo,597284,82.67,4.53,6.49,4870511.0,2171.5,1.12,5.19,2999.0,101.0,2024,1,41648.64,Kota Surabaya,2.99
Kabupaten Sidoarjo,597284,82.67,4.53,6.49,4870511.0,2171.5,1.12,5.19,2999.0,101.0,2024,2,42235.88,Kota Surabaya,2.35
Kabupaten Sidoarjo,597284,82.67,4.53,6.49,4870511.0,2171.5,1.12,5.19,2999.0,101.0,2024,3,42903.34,Kota Surabaya,1.65
Kabupaten Sidoarjo,597284,82.67,4.53,6.49,4870511.0,2171.5,1.12,5.19,2999.0,101.0,2024,4,43079.94,Kota Surabaya,"1,38"
Kabupaten Mojokerto,508618,76.69,9.37,3.87,4856026.0,1154.3,0.83,2.76,1172.0,101.1,2024,1,17098.15,Kota Surabaya,2.99
Kabupaten Mojokerto,508618,76.69,9.37,3.87,4856026.0,1154.3,0.83,2.76,1172.0,101.1,2024,2,17704.9,Kota Surabaya,2.35
Kabupaten Mojokerto,508618,76.69,9.37,3.87,4856026.0,1154.3,0.83,2.76,1172.0,101.1,2024,3,18092.81,Kota Surabaya,1.65
Kabupaten Mojokerto,508618,76.69,9.37,3.87,4856026.0,1154.3,0.83,2.76,1172.0,101.1,2024,4,17631.78,Kota Surabaya,"1,38"
Kabupaten Jombang,514170,75.67,8.6,3.75,3137004.0,1362.7,0.89,3.26,1228.0,101.6,2024,1,7895.34,Kota Surabaya,2.99
Kabupaten Jombang,514170,75.67,8.6,3.75,3137004.0,1362.7,0.89,3.26,1228.0,101.6,2024,2,8414.28,Kota Surabaya,2.35
Kabupaten Jombang,514170,75.67,8.6,3.75,3137004.0,1362.7,0.89,3.26,1228.0,101.6,2024,3,8780.83,Kota Surabaya,1.65
Kabupaten Jombang,514170,75.67,8.6,3.75,3137004.0,1362.7,0.89,3.26,1228.0,101.6,2024,4,8140.03,Kota Surabaya,"1,38"
Kabupaten Nganjuk,539714,75.24,10.17,3.87,2405255.0,1131.8,0.67,2.71,878.0,101.0,2024,1,5369.35,Kota Kediri,2.88
Kabupaten Nganjuk,539714,75.24,10.17,3.87,2405255.0,1131.8,0.67,2.71,878.0,101.0,2024,2,5480.19,Kota Kediri,1.72
Kabupaten Nganjuk,539714,75.24,10.17,3.87,2405255.0,1131.8,0.67,2.71,878.0,101.0,2024,3,5609.38,Kota Kediri,0.88
Kabupaten Nganjuk,539714,75.24,10.17,3.87,2405255.0,1131.8,0.67,2.71,878.0,101.0,2024,4,5155.99,Kota Kediri,"1,19"
Kabupaten Madiun,460205,74.81,10.63,4.34,2400321.0,757.8,0.48,1.81,681.0,97.9,2024,1,3654.95,Kota Madiun,3.05
Kabupaten Madiun,460205,74.81,10.63,4.34,2400321.0,757.8,0.48,1.81,681.0,97.9,2024,2,3812.1,Kota Madiun,1.85
Kabupaten Madiun,460205,74.81,10.63,4.34,2400321.0,757.8,0.48,1.81,681.0,97.9,2024,3,4185.51,Kota Madiun,1.22
Kabupaten Madiun,460205,74.81,10.63,4.34,2400321.0,757.8,0.48,1.81,681.0,97.9,2024,4,3940.64,Kota Madiun,"1,31"
Kabupaten Magetan,455119,76.77,9.32,3.28,2406719.0,685.5,0.58,1.64,970.0,96.8,2024,1,3678.83,Kota Madiun,3.05
Kabupaten Magetan,455119,76.77,9.32,3.28,2406719.0,685.5,0.58,1.64,970.0,96.8,2024,2,3803.06,Kota Madiun,1.85
Kabupaten Magetan,455119,76.77,9.32,3.28,2406719.0,685.5,0.58,1.64,970.0,96.8,2024,3,3932.79,Kota Madiun,1.22
Kabupaten Magetan,455119,76.77,9.32,3.28,2406719.0,685.5,0.58,1.64,970.0,96.8,2024,4,3845.18,Kota Madiun,"1,31"
Kabupaten Ngawi,445865,73.91,13.81,2.4,2397928.0,884.1,0.43,2.11,633.0,98.1,2024,1,3660.79,Kota Madiun,3.05
Kabupaten Ngawi,445865,73.91,13.81,2.4,2397928.0,884.1,0.43,2.11,633.0,98.1,2024,2,3719.48,Kota Madiun,1.85
Kabupaten Ngawi,445865,73.91,13.81,2.4,2397928.0,884.1,0.43,2.11,633.0,98.1,2024,3,4136.15,Kota Madiun,1.22
Kabupaten Ngawi,445865,73.91,13.81,2.4,2397928.0,884.1,0.43,2.11,633.0,98.1,2024,4,4079.55,Kota Madiun,"1,31"
Kabupaten Bojonegoro,471457,72.75,11.69,4.42,2525132.0,1325.3,0.48,3.17,573.0,100.6,2024,1,15533.79,Kota Surabaya,2.99
Kabupaten Bojonegoro,471457,72.75,11.69,4.42,2525132.0,1325.3,0.48,3.17,573.0,100.6,2024,2,16544.16,Kota Surabaya,2.35
Kabupaten Bojonegoro,471457,72.75,11.69,4.42,2525132.0,1325.3,0.48,3.17,573.0,100.6,2024,3,16058.48,Kota Surabaya,1.65
Kabupaten Bojonegoro,471457,72.75,11.69,4.42,2525132.0,1325.3,0.48,3.17,573.0,100.6,2024,4,16230.99,Kota Surabaya,"1,38"
Kabupaten Tuban,488131,72.31,14.36,4.28,3050400.0,1225.2,0.6,2.93,621.0,99.7,2024,1,13055.96,Kota Surabaya,2.99
Kabupaten Tuban,488131,72.31,14.36,4.28,3050400.0,1225.2,0.6,2.93,621.0,99.7,2024,2,12511.09,Kota Surabaya,2.35
Kabupaten Tuban,488131,72.31,14.36,4.28,3050400.0,1225.2,0.6,2.93,621.0,99.7,2024,3,12967.71,Kota Surabaya,1.65
Kabupaten Tuban,488131,72.31,14.36,4.28,3050400.0,1225.2,0.6,2.93,621.0,99.7,2024,4,13378.65,Kota Surabaya,"1,38"
Kabupaten Lamongan,524636,75.9,12.16,4.34,3012164.0,1378.2,0.67,3.3,786.0,100.0,2024,1,7914.39,Kota Surabaya,2.99
Kabupaten Lamongan,524636,75.9,12.16,4.34,3012164.0,1378.2,0.67,3.3,786.0,100.0,2024,2,8514.54,Kota Surabaya,2.35
Kabupaten Lamongan,524636,75.9,12.16,4.34,3012164.0,1378.2,0.67,3.3,786.0,100.0,2024,3,8193.0,Kota Surabaya,1.65
Kabupaten Lamongan,524636,75.9,12.16,4.34,3012164.0,1378.2,0.67,3.3,786.0,100.0,2024,4,7564.02,Kota Surabaya,"1,38"
Kabupaten Gresik,608828,78.93,10.32,6.45,4874133.0,1364.0,1.06,3.26,1086.0,101.4,2024,1,29253.93,Kota Surabaya,2.99
Kabupaten Gresik,608828,78.93,10.32,6.45,4874133.0,1364.0,1.06,3.26,1086.0,101.4,2024,2,29819.85,Kota Surabaya,2.35
Kabupaten Gresik,608828,78.93,10.32,6.45,4874133.0,1364.0,1.06,3.26,1086.0,101.4,2024,3,30220.45,Kota Surabaya,1.65
Kabupaten Gresik,608828,78.93,10.32,6.45,4874133.0,1364.0,1.06,3.26,1086.0,101.4,2024,4,29980.19,Kota Surabaya,"1,38"
Kabupaten Bangkalan,547017,67.33,18.66,5.35,2397550.0,1102.5,1.04,2.64,847.0,97.7,2024,1,4323.94,Kota Surabaya,2.99
Kabupaten Bangkalan,547017,67.33,18.66,5.35,2397550.0,1102.5,1.04,2.64,847.0,97.7,2024,2,4425.81,Kota Surabaya,2.35
Kabupaten Bangkalan,547017,67.33,18.66,5.35,2397550.0,1102.5,1.04,2.64,847.0,97.7,2024,3,4508.12,Kota Surabaya,1.65
Kabupaten Bangkalan,547017,67.33,18.66,5.35,2397550.0,1102.5,1.04,2.64,847.0,97.7,2024,4,4239.63,Kota Surabaya,"1,38"
Kabupaten Sampang,491753,66.72,20.83,2.5,2335661.0,1016.3,1.26,2.43,827.0,98.8,2024,1,3727.01,Kabupaten Sumenep,4.68
Kabupaten Sampang,491753,66.72,20.83,2.5,2335661.0,1016.3,1.26,2.43,827.0,98.8,2024,2,3850.67,Kabupaten Sumenep,3.24
Kabupaten Sampang,491753,66.72,20.83,2.5,2335661.0,1016.3,1.26,2.43,827.0,98.8,2024,3,3844.88,Kabupaten Sumenep,2.45
Kabupaten Sampang,491753,66.72,20.83,2.5,2335661.0,1016.3,1.26,2.43,827.0,98.8,2024,4,3502.73,Kabupaten Sumenep,"1,97"
Kabupaten Pamekasan,467493,70.85,13.41,1.64,2376614.0,884.7,1.07,2.12,1113.0,96.8,2024,1,3272.2,Kabupaten Sumenep,4.68
Kabupaten Pamekasan,467493,70.85,13.41,1.64,2376614.0,884.7,1.07,2.12,1113.0,96.8,2024,2,3409.69,Kabupaten Sumenep,3.24
Kabupaten Pamekasan,467493,70.85,13.41,1.64,2376614.0,884.7,1.07,2.12,1113.0,96.8,2024,3,3355.56,Kabupaten Sumenep,2.45
Kabupaten Pamekasan,467493,70.85,13.41,1.64,2376614.0,884.7,1.07,2.12,1113.0,96.8,2024,4,3207.8,Kabupaten Sumenep,"1,97"
Kabupaten Sumenep,506569,69.78,17.78,1.69,2406551.0,1153.2,0.68,2.76,553.0,94.1,2024,1,6522.73,Kabupaten Sumenep,4.68
Kabupaten Sumenep,506569,69.78,17.78,1.69,2406551.0,1153.2,0.68,2.76,553.0,94.1,2024,2,6966.74,Kabupaten Sumenep,3.24
Kabupaten Sumenep,506569,69.78,17.78,1.69,2406551.0,1153.2,0.68,2.76,553.0,94.1,2024,3,7271.07,Kabupaten Sumenep,2.45
Kabupaten Sumenep,506569,69.78,17.78,1.69,2406551.0,1153.2,0.68,2.76,553.0,94.1,2024,4,6473.85,Kabupaten Sumenep,"1,97"
Kota Kediri,621051,81.88,6.51,3.91,2572361.0,298.2,1.05,0.71,4436.0,100.6,2024,1,24043.69,Kota Kediri,2.88
Kota Kediri,621051,81.88,6.51,3.91,2572361.0,298.2,1.05,0.71,4436.0,100.6,2024,2,23140.95,Kota Kediri,1.72
Kota Kediri,621051,81.88,6.51,3.91,2572361.0,298.2,1.05,0.71,4436.0,100.6,2024,3,23709.61,Kota Kediri,0.88
Kota Kediri,621051,81.88,6.51,3.91,2572361.0,298.2,1.05,0.71,4436.0,100.6,2024,4,23879.83,Kota Kediri,"1,19"
Kota Blitar,596105,81.44,6.75,5.11,2481450.0,154.9,1.02,0.37,4664.0,98.5,2024,1,1395.97,Kota Kediri,2.88
Kota Blitar,596105,81.44,6.75,5.11,2481450.0,154.9,1.02,0.37,4664.0,98.5,2024,2,1446.41,Kota Kediri,1.72
Kota Blitar,596105,81.44,6.75,5.11,2481450.0,154.9,1.02,0.37,4664.0,98.5,2024,3,1448.68,Kota Kediri,0.88
Kota Blitar,596105,81.44,6.75,5.11,2481450.0,154.9,1.02,0.37,4664.0,98.5,2024,4,1455.33,Kota Kediri,"1,19"
Kota Malang,706341,84.68,3.91,6.1,3507693.0,872.7,0.9,2.09,7857.0,98.8,2024,1,15428.14,Kota Malang,2.9
Kota Malang,706341,84.68,3.91,6.1,3507693.0,872.7,0.9,2.09,7857.0,98.8,2024,2,15722.13,Kota Malang,2.02
Kota Malang,706341,84.68,3.91,6.1,3507693.0,872.7,0.9,2.09,7857.0,98.8,2024,3,15960.07,Kota Malang,1.62
Kota Malang,706341,84.68,3.91,6.1,3507693.0,872.7,0.9,2.09,7857.0,98.8,2024,4,16262.97,Kota Malang,"1,36"
Kota Probolinggo,654409,77.79,6.18,4.44,2876657.0,249.5,1.09,0.6,4564.0,98.6,2024,1,2365.56,Kota Malang,2.9
Kota Probolinggo,654409,77.79,6.18,4.44,2876657.0,249.5,1.09,0.6,4564.0,98.6,2024,2,2463.27,Kota Malang,2.02
Kota Probolinggo,654409,77.79,6.18,4.44,2876657.0,249.5,1.09,0.6,4564.0,98.6,2024,3,2521.47,Kota Malang,1.62
Kota Probolinggo,654409,77.79,6.18,4.44,2876657.0,249.5,1.09,0.6,4564.0,98.6,2024,4,2542.97,Kota Malang,"1,36"
Kota Pasuruan,554195,78.9,6.32,4.63,3358557.0,219.4,1.43,0.52,5626.0,100.1,2024,1,1706.63,Kota Malang,2.9
Kota Pasuruan,554195,78.9,6.32,4.63,3358557.0,219.4,1.43,0.52,5626.0,100.1,2024,2,1717.62,Kota Malang,2.02
Kota Pasuruan,554195,78.9,6.32,4.63,3358557.0,219.4,1.43,0.52,5626.0,100.1,2024,3,1769.27,Kota Malang,1.62
Kota Pasuruan,554195,78.9,6.32,4.63,3358557.0,219.4,1.43,0.52,5626.0,100.1,2024,4,1805.22,Kota Malang,"1,36"
Kota Mojokerto,610968,81.76,5.57,3.76,3031000.0,137.4,0.99,0.33,6796.0,98.2,2024,1,1391.57,Kota Surabaya,2.99
Kota Mojokerto,610968,81.76,5.57,3.76,3031000.0,137.4,0.99,0.33,6796.0,98.2,2024,2,1424.36,Kota Surabaya,2.35
Kota Mojokerto,610968,81.76,5.57,3.76,3031000.0,137.4,0.99,0.33,6796.0,98.2,2024,3,1422.7,Kota Surabaya,1.65
Kota Mojokerto,610968,81.76,5.57,3.76,3031000.0,137.4,0.99,0.33,6796.0,98.2,2024,4,1448.16,Kota Surabaya,"1,38"
Kota Madiun,637838,84.51,4.38,4.3,2422105.0,201.8,0.89,0.48,5585.0,95.9,2024,1,3058.81,Kota Madiun,3.05
Kota Madiun,637838,84.51,4.38,4.3,2422105.0,201.8,0.89,0.48,5585.0,95.9,2024,2,3078.16,Kota Madiun,1.85
Kota Madiun,637838,84.51,4.38,4.3,2422105.0,201.8,0.89,0.48,5585.0,95.9,2024,3,3102.94,Kota Madiun,1.22
Kota Madiun,637838,84.51,4.38,4.3,2422105.0,201.8,0.89,0.48,5585.0,95.9,2024,4,3199.0,Kota Madiun,"1,31"
Kota Surabaya,742678,84.69,3.96,4.91,4961753.0,2922.0,0.44,6.99,8698.0,98.0,2024,1,118510.36,Kota Surabaya,2.99
Kota Surabaya,742678,84.69,3.96,4.91,4961753.0,2922.0,0.44,6.99,8698.0,98.0,2024,2,120051.21,Kota Surabaya,2.35
Kota Surabaya,742678,84.69,3.96,4.91,4961753.0,2922.0,0.44,6.99,8698.0,98.0,2024,3,122577.33,Kota Surabaya,1.65
Kota Surabaya,742678,84.69,3.96,4.91,4961753.0,2922.0,0.44,6.99,8698.0,98.0,2024,4,124309.99,Kota Surabaya,"1,38"
Kota Batu,642778,79.69,3.06,3.63,3360466.0,222.7,1.19,0.53,1147.0,101.3,2024,1,3270.35,Kota Malang,2.9
Kota Batu,642778,79.69,3.06,3.63,3360466.0,222.7,1.19,0.53,1147.0,101.3,2024,2,3457.79,Kota Malang,2.02
Kota Batu,642778,79.69,3.06,3.63,3360466.0,222.7,1.19,0.53,1147.0,101.3,2024,3,3427.55,Kota Malang,1.62
Kota Batu,642778,79.69,3.06,3.63,3360466.0,222.7,1.19,0.53,1147.0,101.3,2024,4,3432.45,Kota Malang,"1,36"